--------------------------------------------------------
--  File created - Monday-April-24-2017   
--------------------------------------------------------
DROP TABLE "FIIMDB"."ACTOR" cascade constraints;
DROP TABLE "FIIMDB"."COMMENTS" cascade constraints;
DROP TABLE "FIIMDB"."DIRECTOR" cascade constraints;
DROP TABLE "FIIMDB"."GENRE" cascade constraints;
DROP TABLE "FIIMDB"."MOVIE" cascade constraints;
DROP TABLE "FIIMDB"."MOVIE_ACTOR" cascade constraints;
DROP TABLE "FIIMDB"."MOVIE_DIRECTOR" cascade constraints;
DROP TABLE "FIIMDB"."MOVIE_GENRE" cascade constraints;
DROP TABLE "FIIMDB"."USERS" cascade constraints;
DROP SEQUENCE "FIIMDB"."ACTOR_ID_SEQ";
DROP SEQUENCE "FIIMDB"."DIRECTOR_ID_SEQ";
DROP SEQUENCE "FIIMDB"."MOVIE_ID_SEQ";
--------------------------------------------------------
--  DDL for Table ACTOR
--------------------------------------------------------

  CREATE TABLE "FIIMDB"."ACTOR" 
   (	"ID" NUMBER(10,0), 
	"FIRST_NAME" VARCHAR2(255 BYTE), 
	"LAST_NAME" VARCHAR2(255 BYTE), 
	"BIRTHDAY_DATE" DATE
   ) SEGMENT CREATION IMMEDIATE 
  PCTFREE 10 PCTUSED 40 INITRANS 1 MAXTRANS 255 NOCOMPRESS LOGGING
  STORAGE(INITIAL 65536 NEXT 1048576 MINEXTENTS 1 MAXEXTENTS 2147483645
  PCTINCREASE 0 FREELISTS 1 FREELIST GROUPS 1 BUFFER_POOL DEFAULT FLASH_CACHE DEFAULT CELL_FLASH_CACHE DEFAULT)
  TABLESPACE "SYSTEM" ;
--------------------------------------------------------
--  DDL for Table COMMENTS
--------------------------------------------------------

  CREATE TABLE "FIIMDB"."COMMENTS" 
   (	"MOVIE_ID" NUMBER, 
	"USERNAME" VARCHAR2(128 BYTE), 
	"USER_COMMENT" VARCHAR2(1024 BYTE), 
	"CREATED_AT" DATE
   ) SEGMENT CREATION IMMEDIATE 
  PCTFREE 10 PCTUSED 40 INITRANS 1 MAXTRANS 255 NOCOMPRESS LOGGING
  STORAGE(INITIAL 65536 NEXT 1048576 MINEXTENTS 1 MAXEXTENTS 2147483645
  PCTINCREASE 0 FREELISTS 1 FREELIST GROUPS 1 BUFFER_POOL DEFAULT FLASH_CACHE DEFAULT CELL_FLASH_CACHE DEFAULT)
  TABLESPACE "SYSTEM" ;
--------------------------------------------------------
--  DDL for Table DIRECTOR
--------------------------------------------------------

  CREATE TABLE "FIIMDB"."DIRECTOR" 
   (	"ID" NUMBER(10,0), 
	"FIRST_NAME" VARCHAR2(255 BYTE), 
	"LAST_NAME" VARCHAR2(255 BYTE), 
	"BIRTHDAY_DATE" DATE
   ) SEGMENT CREATION IMMEDIATE 
  PCTFREE 10 PCTUSED 40 INITRANS 1 MAXTRANS 255 NOCOMPRESS LOGGING
  STORAGE(INITIAL 65536 NEXT 1048576 MINEXTENTS 1 MAXEXTENTS 2147483645
  PCTINCREASE 0 FREELISTS 1 FREELIST GROUPS 1 BUFFER_POOL DEFAULT FLASH_CACHE DEFAULT CELL_FLASH_CACHE DEFAULT)
  TABLESPACE "SYSTEM" ;
--------------------------------------------------------
--  DDL for Table GENRE
--------------------------------------------------------

  CREATE TABLE "FIIMDB"."GENRE" 
   (	"ID" NUMBER(10,0), 
	"TYPE" VARCHAR2(128 BYTE)
   ) SEGMENT CREATION IMMEDIATE 
  PCTFREE 10 PCTUSED 40 INITRANS 1 MAXTRANS 255 NOCOMPRESS LOGGING
  STORAGE(INITIAL 65536 NEXT 1048576 MINEXTENTS 1 MAXEXTENTS 2147483645
  PCTINCREASE 0 FREELISTS 1 FREELIST GROUPS 1 BUFFER_POOL DEFAULT FLASH_CACHE DEFAULT CELL_FLASH_CACHE DEFAULT)
  TABLESPACE "SYSTEM" ;
--------------------------------------------------------
--  DDL for Table MOVIE
--------------------------------------------------------

  CREATE TABLE "FIIMDB"."MOVIE" 
   (	"ID" NUMBER, 
	"RELEASE_DATE" DATE, 
	"NAME" VARCHAR2(128 BYTE), 
	"RATING" NUMBER(5,2), 
	"LENGTH" NUMBER(3,0), 
	"CASTING" VARCHAR2(128 BYTE), 
	"DIRECTOR" VARCHAR2(128 BYTE), 
	"DESCRIPTION" CLOB, 
	"WRITER" VARCHAR2(128 BYTE)
   ) SEGMENT CREATION IMMEDIATE 
  PCTFREE 10 PCTUSED 40 INITRANS 1 MAXTRANS 255 NOCOMPRESS LOGGING
  STORAGE(INITIAL 65536 NEXT 1048576 MINEXTENTS 1 MAXEXTENTS 2147483645
  PCTINCREASE 0 FREELISTS 1 FREELIST GROUPS 1 BUFFER_POOL DEFAULT FLASH_CACHE DEFAULT CELL_FLASH_CACHE DEFAULT)
  TABLESPACE "SYSTEM" 
 LOB ("DESCRIPTION") STORE AS BASICFILE (
  TABLESPACE "SYSTEM" ENABLE STORAGE IN ROW CHUNK 8192 RETENTION 
  NOCACHE LOGGING 
  STORAGE(INITIAL 65536 NEXT 1048576 MINEXTENTS 1 MAXEXTENTS 2147483645
  PCTINCREASE 0 FREELISTS 1 FREELIST GROUPS 1 BUFFER_POOL DEFAULT FLASH_CACHE DEFAULT CELL_FLASH_CACHE DEFAULT)) ;
--------------------------------------------------------
--  DDL for Table MOVIE_ACTOR
--------------------------------------------------------

  CREATE TABLE "FIIMDB"."MOVIE_ACTOR" 
   (	"MOVIE_ID" NUMBER(10,0), 
	"ACTOR_ID" NUMBER(10,0)
   ) SEGMENT CREATION IMMEDIATE 
  PCTFREE 10 PCTUSED 40 INITRANS 1 MAXTRANS 255 NOCOMPRESS LOGGING
  STORAGE(INITIAL 65536 NEXT 1048576 MINEXTENTS 1 MAXEXTENTS 2147483645
  PCTINCREASE 0 FREELISTS 1 FREELIST GROUPS 1 BUFFER_POOL DEFAULT FLASH_CACHE DEFAULT CELL_FLASH_CACHE DEFAULT)
  TABLESPACE "SYSTEM" ;
--------------------------------------------------------
--  DDL for Table MOVIE_DIRECTOR
--------------------------------------------------------

  CREATE TABLE "FIIMDB"."MOVIE_DIRECTOR" 
   (	"MOVIE_ID" NUMBER(10,0), 
	"DIRECTOR_ID" NUMBER(10,0)
   ) SEGMENT CREATION IMMEDIATE 
  PCTFREE 10 PCTUSED 40 INITRANS 1 MAXTRANS 255 NOCOMPRESS LOGGING
  STORAGE(INITIAL 65536 NEXT 1048576 MINEXTENTS 1 MAXEXTENTS 2147483645
  PCTINCREASE 0 FREELISTS 1 FREELIST GROUPS 1 BUFFER_POOL DEFAULT FLASH_CACHE DEFAULT CELL_FLASH_CACHE DEFAULT)
  TABLESPACE "SYSTEM" ;
--------------------------------------------------------
--  DDL for Table MOVIE_GENRE
--------------------------------------------------------

  CREATE TABLE "FIIMDB"."MOVIE_GENRE" 
   (	"GENRE_ID" NUMBER(10,0), 
	"MOVIE_ID" NUMBER
   ) SEGMENT CREATION IMMEDIATE 
  PCTFREE 10 PCTUSED 40 INITRANS 1 MAXTRANS 255 NOCOMPRESS LOGGING
  STORAGE(INITIAL 65536 NEXT 1048576 MINEXTENTS 1 MAXEXTENTS 2147483645
  PCTINCREASE 0 FREELISTS 1 FREELIST GROUPS 1 BUFFER_POOL DEFAULT FLASH_CACHE DEFAULT CELL_FLASH_CACHE DEFAULT)
  TABLESPACE "SYSTEM" ;
--------------------------------------------------------
--  DDL for Table USERS
--------------------------------------------------------

  CREATE TABLE "FIIMDB"."USERS" 
   (	"USERNAME" VARCHAR2(128 BYTE), 
	"PASSWORD" VARCHAR2(255 BYTE), 
	"FIRST_NAME" VARCHAR2(255 BYTE), 
	"LAST_NAME" VARCHAR2(255 BYTE), 
	"BIRTHDAY_DATE" DATE, 
	"ROLENAME" VARCHAR2(32 BYTE)
   ) SEGMENT CREATION IMMEDIATE 
  PCTFREE 10 PCTUSED 40 INITRANS 1 MAXTRANS 255 NOCOMPRESS LOGGING
  STORAGE(INITIAL 65536 NEXT 1048576 MINEXTENTS 1 MAXEXTENTS 2147483645
  PCTINCREASE 0 FREELISTS 1 FREELIST GROUPS 1 BUFFER_POOL DEFAULT FLASH_CACHE DEFAULT CELL_FLASH_CACHE DEFAULT)
  TABLESPACE "SYSTEM" ;
--------------------------------------------------------
--  DDL for Sequence ACTOR_ID_SEQ
--------------------------------------------------------

   CREATE SEQUENCE  "FIIMDB"."ACTOR_ID_SEQ"  MINVALUE 1 MAXVALUE 9999999999999999999999999999 INCREMENT BY 1 START WITH 1 CACHE 20 NOORDER  NOCYCLE ;
--------------------------------------------------------
--  DDL for Sequence DIRECTOR_ID_SEQ
--------------------------------------------------------

   CREATE SEQUENCE  "FIIMDB"."DIRECTOR_ID_SEQ"  MINVALUE 1 MAXVALUE 9999999999999999999999999999 INCREMENT BY 1 START WITH 1 CACHE 20 NOORDER  NOCYCLE ;
--------------------------------------------------------
--  DDL for Sequence MOVIE_ID_SEQ
--------------------------------------------------------

   CREATE SEQUENCE  "FIIMDB"."MOVIE_ID_SEQ"  MINVALUE 1 MAXVALUE 9999999999999999999999999999 INCREMENT BY 1 START WITH 90 CACHE 20 NOORDER  NOCYCLE ;
REM INSERTING into FIIMDB.ACTOR
SET DEFINE OFF;
REM INSERTING into FIIMDB.COMMENTS
SET DEFINE OFF;
Insert into FIIMDB.COMMENTS (MOVIE_ID,USERNAME,USER_COMMENT,CREATED_AT) values (3,'bogdan','Nice movie :)',to_date('24-APR-17','DD-MON-RR'));
Insert into FIIMDB.COMMENTS (MOVIE_ID,USERNAME,USER_COMMENT,CREATED_AT) values (3,'bogdan','Let''s post another comment',to_date('24-APR-17','DD-MON-RR'));
Insert into FIIMDB.COMMENTS (MOVIE_ID,USERNAME,USER_COMMENT,CREATED_AT) values (3,'bogdan','And another one',to_date('24-APR-17','DD-MON-RR'));
Insert into FIIMDB.COMMENTS (MOVIE_ID,USERNAME,USER_COMMENT,CREATED_AT) values (3,'bogdan','New Comment',to_date('24-APR-17','DD-MON-RR'));
Insert into FIIMDB.COMMENTS (MOVIE_ID,USERNAME,USER_COMMENT,CREATED_AT) values (3,'bogdan','Another Comment :D',to_date('24-APR-17','DD-MON-RR'));
REM INSERTING into FIIMDB.DIRECTOR
SET DEFINE OFF;
Insert into FIIMDB.DIRECTOR (ID,FIRST_NAME,LAST_NAME,BIRTHDAY_DATE) values (1,'James','Wan',null);
REM INSERTING into FIIMDB.GENRE
SET DEFINE OFF;
Insert into FIIMDB.GENRE (ID,TYPE) values (1,'romance');
Insert into FIIMDB.GENRE (ID,TYPE) values (2,'action');
Insert into FIIMDB.GENRE (ID,TYPE) values (3,'crime');
Insert into FIIMDB.GENRE (ID,TYPE) values (4,'thriller');
Insert into FIIMDB.GENRE (ID,TYPE) values (5,'comedy');
Insert into FIIMDB.GENRE (ID,TYPE) values (6,'biography');
REM INSERTING into FIIMDB.MOVIE
SET DEFINE OFF;
Insert into FIIMDB.MOVIE (ID,RELEASE_DATE,NAME,RATING,LENGTH,CASTING,DIRECTOR,WRITER) values (1,to_date('14-OCT-94','DD-MON-RR'),'The Shawshank Redemption',5,142,'Morgan Freeman','Frank Darabont','Frank Darabont');
Insert into FIIMDB.MOVIE (ID,RELEASE_DATE,NAME,RATING,LENGTH,CASTING,DIRECTOR,WRITER) values (2,to_date('24-MAR-72','DD-MON-RR'),'The Godfather',5,175,'Marlon Brando','Francis Ford Coppola','Francis Ford Coppola');
Insert into FIIMDB.MOVIE (ID,RELEASE_DATE,NAME,RATING,LENGTH,CASTING,DIRECTOR,WRITER) values (3,to_date('06-MAR-88','DD-MON-RR'),'Titanic',8,194,'Leonardo DiCaprio','James Cameron','James Cameron');
Insert into FIIMDB.MOVIE (ID,RELEASE_DATE,NAME,RATING,LENGTH,CASTING,DIRECTOR,WRITER) values (4,to_date('15-OCT-99','DD-MON-RR'),'Fight Club',5,139,'Brad Pitt','David Fincher','Chuck Palahniuk');
Insert into FIIMDB.MOVIE (ID,RELEASE_DATE,NAME,RATING,LENGTH,CASTING,DIRECTOR,WRITER) values (5,to_date('21-MAR-14','DD-MON-RR'),'The Grand Budapest Hotel',4,99,'Ralph Fiennes','Wes Anderson','Wes Anderson');
Insert into FIIMDB.MOVIE (ID,RELEASE_DATE,NAME,RATING,LENGTH,CASTING,DIRECTOR,WRITER) values (50,to_date('03-APR-15','DD-MON-RR'),'Furious 7',6,137,'Vin Diesel','James Wan','Chris Morgan');
Insert into FIIMDB.MOVIE (ID,RELEASE_DATE,NAME,RATING,LENGTH,CASTING,DIRECTOR,WRITER) values (53,to_date('23-DEC-13','DD-MON-RR'),'The Wolf of Wall Street',9,185,'Leonardo DiCaprio','Martin Scorsese','Terence Winter');
REM INSERTING into FIIMDB.MOVIE_ACTOR
SET DEFINE OFF;
REM INSERTING into FIIMDB.MOVIE_DIRECTOR
SET DEFINE OFF;
Insert into FIIMDB.MOVIE_DIRECTOR (MOVIE_ID,DIRECTOR_ID) values (50,1);
REM INSERTING into FIIMDB.MOVIE_GENRE
SET DEFINE OFF;
Insert into FIIMDB.MOVIE_GENRE (GENRE_ID,MOVIE_ID) values (1,3);
Insert into FIIMDB.MOVIE_GENRE (GENRE_ID,MOVIE_ID) values (2,3);
Insert into FIIMDB.MOVIE_GENRE (GENRE_ID,MOVIE_ID) values (2,50);
Insert into FIIMDB.MOVIE_GENRE (GENRE_ID,MOVIE_ID) values (3,50);
Insert into FIIMDB.MOVIE_GENRE (GENRE_ID,MOVIE_ID) values (3,53);
Insert into FIIMDB.MOVIE_GENRE (GENRE_ID,MOVIE_ID) values (4,50);
Insert into FIIMDB.MOVIE_GENRE (GENRE_ID,MOVIE_ID) values (5,53);
Insert into FIIMDB.MOVIE_GENRE (GENRE_ID,MOVIE_ID) values (6,53);
REM INSERTING into FIIMDB.USERS
SET DEFINE OFF;
Insert into FIIMDB.USERS (USERNAME,PASSWORD,FIRST_NAME,LAST_NAME,BIRTHDAY_DATE,ROLENAME) values ('admin','admin','gigel','popescu',null,'admin');
Insert into FIIMDB.USERS (USERNAME,PASSWORD,FIRST_NAME,LAST_NAME,BIRTHDAY_DATE,ROLENAME) values ('bogdan','asd','Bogdan','Rusu',to_date('24-SEP-96','DD-MON-RR'),'user');
--------------------------------------------------------
--  DDL for Index MOVIEGENRE_PK
--------------------------------------------------------

  CREATE UNIQUE INDEX "FIIMDB"."MOVIEGENRE_PK" ON "FIIMDB"."MOVIE_GENRE" ("GENRE_ID", "MOVIE_ID") 
  PCTFREE 10 INITRANS 2 MAXTRANS 255 COMPUTE STATISTICS 
  STORAGE(INITIAL 65536 NEXT 1048576 MINEXTENTS 1 MAXEXTENTS 2147483645
  PCTINCREASE 0 FREELISTS 1 FREELIST GROUPS 1 BUFFER_POOL DEFAULT FLASH_CACHE DEFAULT CELL_FLASH_CACHE DEFAULT)
  TABLESPACE "SYSTEM" ;
--------------------------------------------------------
--  DDL for Index MOVIE_PK
--------------------------------------------------------

  CREATE UNIQUE INDEX "FIIMDB"."MOVIE_PK" ON "FIIMDB"."MOVIE" ("ID") 
  PCTFREE 10 INITRANS 2 MAXTRANS 255 COMPUTE STATISTICS 
  STORAGE(INITIAL 65536 NEXT 1048576 MINEXTENTS 1 MAXEXTENTS 2147483645
  PCTINCREASE 0 FREELISTS 1 FREELIST GROUPS 1 BUFFER_POOL DEFAULT FLASH_CACHE DEFAULT CELL_FLASH_CACHE DEFAULT)
  TABLESPACE "SYSTEM" ;
--------------------------------------------------------
--  Constraints for Table MOVIE_GENRE
--------------------------------------------------------

  ALTER TABLE "FIIMDB"."MOVIE_GENRE" ADD CONSTRAINT "MOVIEGENRE_PK" PRIMARY KEY ("GENRE_ID", "MOVIE_ID")
  USING INDEX PCTFREE 10 INITRANS 2 MAXTRANS 255 COMPUTE STATISTICS 
  STORAGE(INITIAL 65536 NEXT 1048576 MINEXTENTS 1 MAXEXTENTS 2147483645
  PCTINCREASE 0 FREELISTS 1 FREELIST GROUPS 1 BUFFER_POOL DEFAULT FLASH_CACHE DEFAULT CELL_FLASH_CACHE DEFAULT)
  TABLESPACE "SYSTEM"  ENABLE;
--------------------------------------------------------
--  Constraints for Table GENRE
--------------------------------------------------------

  ALTER TABLE "FIIMDB"."GENRE" ADD UNIQUE ("TYPE")
  USING INDEX PCTFREE 10 INITRANS 2 MAXTRANS 255 COMPUTE STATISTICS 
  STORAGE(INITIAL 65536 NEXT 1048576 MINEXTENTS 1 MAXEXTENTS 2147483645
  PCTINCREASE 0 FREELISTS 1 FREELIST GROUPS 1 BUFFER_POOL DEFAULT FLASH_CACHE DEFAULT CELL_FLASH_CACHE DEFAULT)
  TABLESPACE "SYSTEM"  ENABLE;
  ALTER TABLE "FIIMDB"."GENRE" ADD PRIMARY KEY ("ID")
  USING INDEX PCTFREE 10 INITRANS 2 MAXTRANS 255 COMPUTE STATISTICS 
  STORAGE(INITIAL 65536 NEXT 1048576 MINEXTENTS 1 MAXEXTENTS 2147483645
  PCTINCREASE 0 FREELISTS 1 FREELIST GROUPS 1 BUFFER_POOL DEFAULT FLASH_CACHE DEFAULT CELL_FLASH_CACHE DEFAULT)
  TABLESPACE "SYSTEM"  ENABLE;
  ALTER TABLE "FIIMDB"."GENRE" MODIFY ("TYPE" NOT NULL ENABLE);
--------------------------------------------------------
--  Constraints for Table USERS
--------------------------------------------------------

  ALTER TABLE "FIIMDB"."USERS" ADD PRIMARY KEY ("USERNAME")
  USING INDEX PCTFREE 10 INITRANS 2 MAXTRANS 255 
  STORAGE(INITIAL 65536 NEXT 1048576 MINEXTENTS 1 MAXEXTENTS 2147483645
  PCTINCREASE 0 FREELISTS 1 FREELIST GROUPS 1 BUFFER_POOL DEFAULT FLASH_CACHE DEFAULT CELL_FLASH_CACHE DEFAULT)
  TABLESPACE "SYSTEM"  ENABLE;
--------------------------------------------------------
--  Constraints for Table DIRECTOR
--------------------------------------------------------

  ALTER TABLE "FIIMDB"."DIRECTOR" ADD PRIMARY KEY ("ID")
  USING INDEX PCTFREE 10 INITRANS 2 MAXTRANS 255 
  STORAGE(INITIAL 65536 NEXT 1048576 MINEXTENTS 1 MAXEXTENTS 2147483645
  PCTINCREASE 0 FREELISTS 1 FREELIST GROUPS 1 BUFFER_POOL DEFAULT FLASH_CACHE DEFAULT CELL_FLASH_CACHE DEFAULT)
  TABLESPACE "SYSTEM"  ENABLE;
--------------------------------------------------------
--  Constraints for Table MOVIE
--------------------------------------------------------

  ALTER TABLE "FIIMDB"."MOVIE" ADD CONSTRAINT "MOVIE_PK" PRIMARY KEY ("ID")
  USING INDEX PCTFREE 10 INITRANS 2 MAXTRANS 255 COMPUTE STATISTICS 
  STORAGE(INITIAL 65536 NEXT 1048576 MINEXTENTS 1 MAXEXTENTS 2147483645
  PCTINCREASE 0 FREELISTS 1 FREELIST GROUPS 1 BUFFER_POOL DEFAULT FLASH_CACHE DEFAULT CELL_FLASH_CACHE DEFAULT)
  TABLESPACE "SYSTEM"  ENABLE;
  ALTER TABLE "FIIMDB"."MOVIE" MODIFY ("ID" NOT NULL ENABLE);
--------------------------------------------------------
--  Constraints for Table ACTOR
--------------------------------------------------------

  ALTER TABLE "FIIMDB"."ACTOR" ADD PRIMARY KEY ("ID")
  USING INDEX PCTFREE 10 INITRANS 2 MAXTRANS 255 
  STORAGE(INITIAL 65536 NEXT 1048576 MINEXTENTS 1 MAXEXTENTS 2147483645
  PCTINCREASE 0 FREELISTS 1 FREELIST GROUPS 1 BUFFER_POOL DEFAULT FLASH_CACHE DEFAULT CELL_FLASH_CACHE DEFAULT)
  TABLESPACE "SYSTEM"  ENABLE;
--------------------------------------------------------
--  Ref Constraints for Table COMMENTS
--------------------------------------------------------

  ALTER TABLE "FIIMDB"."COMMENTS" ADD CONSTRAINT "MOVIE_COMM_FK" FOREIGN KEY ("MOVIE_ID")
	  REFERENCES "FIIMDB"."MOVIE" ("ID") ON DELETE CASCADE ENABLE;
  ALTER TABLE "FIIMDB"."COMMENTS" ADD CONSTRAINT "USERNAME_COMM_FK" FOREIGN KEY ("USERNAME")
	  REFERENCES "FIIMDB"."USERS" ("USERNAME") ON DELETE CASCADE ENABLE;
--------------------------------------------------------
--  Ref Constraints for Table MOVIE_ACTOR
--------------------------------------------------------

  ALTER TABLE "FIIMDB"."MOVIE_ACTOR" ADD CONSTRAINT "ACTOR_MA_FK" FOREIGN KEY ("ACTOR_ID")
	  REFERENCES "FIIMDB"."ACTOR" ("ID") ON DELETE CASCADE ENABLE;
  ALTER TABLE "FIIMDB"."MOVIE_ACTOR" ADD CONSTRAINT "MOVIE_MA_FK" FOREIGN KEY ("MOVIE_ID")
	  REFERENCES "FIIMDB"."MOVIE" ("ID") ON DELETE CASCADE ENABLE;
--------------------------------------------------------
--  Ref Constraints for Table MOVIE_DIRECTOR
--------------------------------------------------------

  ALTER TABLE "FIIMDB"."MOVIE_DIRECTOR" ADD CONSTRAINT "DIRECTOR_MD_FK" FOREIGN KEY ("DIRECTOR_ID")
	  REFERENCES "FIIMDB"."DIRECTOR" ("ID") ON DELETE CASCADE ENABLE;
  ALTER TABLE "FIIMDB"."MOVIE_DIRECTOR" ADD CONSTRAINT "MOVIE_MD_FK" FOREIGN KEY ("MOVIE_ID")
	  REFERENCES "FIIMDB"."MOVIE" ("ID") ON DELETE CASCADE ENABLE;
--------------------------------------------------------
--  Ref Constraints for Table MOVIE_GENRE
--------------------------------------------------------

  ALTER TABLE "FIIMDB"."MOVIE_GENRE" ADD CONSTRAINT "GENRE_FK" FOREIGN KEY ("GENRE_ID")
	  REFERENCES "FIIMDB"."GENRE" ("ID") ON DELETE CASCADE ENABLE;
  ALTER TABLE "FIIMDB"."MOVIE_GENRE" ADD CONSTRAINT "MOVIE_FK" FOREIGN KEY ("MOVIE_ID")
	  REFERENCES "FIIMDB"."MOVIE" ("ID") ON DELETE CASCADE ENABLE;
